_id,name,code,docstring,human_label,one_line_summary,function_behavior,function_signature,examples,precond_postcond,dataset,target_id,implementation_id,description,signature,method,generated_by,exit_code
6367676d1a6d9265ec018229,trimArrayElements,"public static String[] trimArrayElements(String[] array){
  if (Objects.isEmpty(array)) {
    return new String[0];
  }
  String[] result=new String[array.length];
  for (int i=0; i < array.length; i++) {
    String element=array[i];
    result[i]=(element != null ? element.trim() : null);
  }
  return result;
}
","/** 
 * Trim the elements of the given String array, calling <code>String.trim()</code> on each of them.
 * @param array the original String array
 * @return the resulting array (of the same size) with trimmed elements
 */
",Trim each element in the given string array and return the resulting array.,Trims whitespace from each element of an array.,"The function trims leading and trailing whitespace from each string in the input array. If the array or its elements are null, it returns an empty string or null respectively.","@param array String[]: The input array of strings to be trimmed.
@return String[]: A new array with trimmed strings.","[""  hello "", "" world  ""] -> [""hello"", ""world""] (trims spaces)
[""foo"", ""bar""] -> [""foo"", ""bar""] (no spaces to trim)
null -> [] (handles null input)","Input array may contain null elements and will be safely handled, resulting in trimmed strings or nulls in the output.",CoderEval,6367676d1a6d9265ec018229,6367676d1a6d9265ec018229--0,Trim each element in the given string array and return the resulting array.,public static String[] trimArrayElements(String[] array){,"public static String[] trimArrayElements(String[] array){
    for(int i = 0; i < array.length; i++){
        array[i] = array[i].trim();
    }
    return array;
}",Qwen2.5-Coder-7B-Instruct,1
6367676d1a6d9265ec018229,trimArrayElements,"public static String[] trimArrayElements(String[] array){
  if (Objects.isEmpty(array)) {
    return new String[0];
  }
  String[] result=new String[array.length];
  for (int i=0; i < array.length; i++) {
    String element=array[i];
    result[i]=(element != null ? element.trim() : null);
  }
  return result;
}
","/** 
 * Trim the elements of the given String array, calling <code>String.trim()</code> on each of them.
 * @param array the original String array
 * @return the resulting array (of the same size) with trimmed elements
 */
",Trim each element in the given string array and return the resulting array.,Trims whitespace from each element of an array.,"The function trims leading and trailing whitespace from each string in the input array. If the array or its elements are null, it returns an empty string or null respectively.","@param array String[]: The input array of strings to be trimmed.
@return String[]: A new array with trimmed strings.","[""  hello "", "" world  ""] -> [""hello"", ""world""] (trims spaces)
[""foo"", ""bar""] -> [""foo"", ""bar""] (no spaces to trim)
null -> [] (handles null input)","Input array may contain null elements and will be safely handled, resulting in trimmed strings or nulls in the output.",CoderEval,6367676d1a6d9265ec018229,6367676d1a6d9265ec018229--1,Trim each element in the given string array and return the resulting array.,public static String[] trimArrayElements(String[] array){,"public static String[] trimArrayElements(String[] array) {
    for (int i = 0; i < array.length; i++) {
        if (array[i] != null) {
            array[i] = array[i].trim();
        }
    }
    return array;
}",Qwen2.5-Coder-7B-Instruct,1
6367676d1a6d9265ec018229,trimArrayElements,"public static String[] trimArrayElements(String[] array){
  if (Objects.isEmpty(array)) {
    return new String[0];
  }
  String[] result=new String[array.length];
  for (int i=0; i < array.length; i++) {
    String element=array[i];
    result[i]=(element != null ? element.trim() : null);
  }
  return result;
}
","/** 
 * Trim the elements of the given String array, calling <code>String.trim()</code> on each of them.
 * @param array the original String array
 * @return the resulting array (of the same size) with trimmed elements
 */
",Trim each element in the given string array and return the resulting array.,Trims whitespace from each element of an array.,"The function trims leading and trailing whitespace from each string in the input array. If the array or its elements are null, it returns an empty string or null respectively.","@param array String[]: The input array of strings to be trimmed.
@return String[]: A new array with trimmed strings.","[""  hello "", "" world  ""] -> [""hello"", ""world""] (trims spaces)
[""foo"", ""bar""] -> [""foo"", ""bar""] (no spaces to trim)
null -> [] (handles null input)","Input array may contain null elements and will be safely handled, resulting in trimmed strings or nulls in the output.",CoderEval,6367676d1a6d9265ec018229,6367676d1a6d9265ec018229--2,Trim each element in the given string array and return the resulting array.,public static String[] trimArrayElements(String[] array){,"public static String[] trimArrayElements(String[] array) {
    String[] trimmedArray = new String[array.length];
    for (int i = 0; i < array.length; i++) {
        trimmedArray[i] = array[i].trim();
    }
    return trimmedArray;
}",Phi-3-mini-4k-instruct,1
6367676d1a6d9265ec018229,trimArrayElements,"public static String[] trimArrayElements(String[] array){
  if (Objects.isEmpty(array)) {
    return new String[0];
  }
  String[] result=new String[array.length];
  for (int i=0; i < array.length; i++) {
    String element=array[i];
    result[i]=(element != null ? element.trim() : null);
  }
  return result;
}
","/** 
 * Trim the elements of the given String array, calling <code>String.trim()</code> on each of them.
 * @param array the original String array
 * @return the resulting array (of the same size) with trimmed elements
 */
",Trim each element in the given string array and return the resulting array.,Trims whitespace from each element of an array.,"The function trims leading and trailing whitespace from each string in the input array. If the array or its elements are null, it returns an empty string or null respectively.","@param array String[]: The input array of strings to be trimmed.
@return String[]: A new array with trimmed strings.","[""  hello "", "" world  ""] -> [""hello"", ""world""] (trims spaces)
[""foo"", ""bar""] -> [""foo"", ""bar""] (no spaces to trim)
null -> [] (handles null input)","Input array may contain null elements and will be safely handled, resulting in trimmed strings or nulls in the output.",CoderEval,6367676d1a6d9265ec018229,6367676d1a6d9265ec018229--3,Trim each element in the given string array and return the resulting array.,public static String[] trimArrayElements(String[] array){,"public static String[] trimArrayElements(String[] array){
    return Arrays.stream(array).map(String::trim).toArray(String[]::new);
}",Phi-3-mini-4k-instruct,1
6367676d1a6d9265ec018229,trimArrayElements,"public static String[] trimArrayElements(String[] array){
  if (Objects.isEmpty(array)) {
    return new String[0];
  }
  String[] result=new String[array.length];
  for (int i=0; i < array.length; i++) {
    String element=array[i];
    result[i]=(element != null ? element.trim() : null);
  }
  return result;
}
","/** 
 * Trim the elements of the given String array, calling <code>String.trim()</code> on each of them.
 * @param array the original String array
 * @return the resulting array (of the same size) with trimmed elements
 */
",Trim each element in the given string array and return the resulting array.,Trims whitespace from each element of an array.,"The function trims leading and trailing whitespace from each string in the input array. If the array or its elements are null, it returns an empty string or null respectively.","@param array String[]: The input array of strings to be trimmed.
@return String[]: A new array with trimmed strings.","[""  hello "", "" world  ""] -> [""hello"", ""world""] (trims spaces)
[""foo"", ""bar""] -> [""foo"", ""bar""] (no spaces to trim)
null -> [] (handles null input)","Input array may contain null elements and will be safely handled, resulting in trimmed strings or nulls in the output.",CoderEval,6367676d1a6d9265ec018229,6367676d1a6d9265ec018229--4,Trim each element in the given string array and return the resulting array.,public static String[] trimArrayElements(String[] array){,"public static String[] trimArrayElements(String[] array){
String[] str = array;
return str;
}",starcoder2-7b,1
6367676d1a6d9265ec018229,trimArrayElements,"public static String[] trimArrayElements(String[] array){
  if (Objects.isEmpty(array)) {
    return new String[0];
  }
  String[] result=new String[array.length];
  for (int i=0; i < array.length; i++) {
    String element=array[i];
    result[i]=(element != null ? element.trim() : null);
  }
  return result;
}
","/** 
 * Trim the elements of the given String array, calling <code>String.trim()</code> on each of them.
 * @param array the original String array
 * @return the resulting array (of the same size) with trimmed elements
 */
",Trim each element in the given string array and return the resulting array.,Trims whitespace from each element of an array.,"The function trims leading and trailing whitespace from each string in the input array. If the array or its elements are null, it returns an empty string or null respectively.","@param array String[]: The input array of strings to be trimmed.
@return String[]: A new array with trimmed strings.","[""  hello "", "" world  ""] -> [""hello"", ""world""] (trims spaces)
[""foo"", ""bar""] -> [""foo"", ""bar""] (no spaces to trim)
null -> [] (handles null input)","Input array may contain null elements and will be safely handled, resulting in trimmed strings or nulls in the output.",CoderEval,6367676d1a6d9265ec018229,6367676d1a6d9265ec018229--5,Trim each element in the given string array and return the resulting array.,public static String[] trimArrayElements(String[] array){,"public static String[] trimArrayElements(String[] array){
  throw new UnsupportedOperationException( ""Uncompleted method. Fix it and implement this one."" );
}",starcoder2-7b,1
6367676d1a6d9265ec018229,trimArrayElements,"public static String[] trimArrayElements(String[] array){
  if (Objects.isEmpty(array)) {
    return new String[0];
  }
  String[] result=new String[array.length];
  for (int i=0; i < array.length; i++) {
    String element=array[i];
    result[i]=(element != null ? element.trim() : null);
  }
  return result;
}
","/** 
 * Trim the elements of the given String array, calling <code>String.trim()</code> on each of them.
 * @param array the original String array
 * @return the resulting array (of the same size) with trimmed elements
 */
",Trim each element in the given string array and return the resulting array.,Trims whitespace from each element of an array.,"The function trims leading and trailing whitespace from each string in the input array. If the array or its elements are null, it returns an empty string or null respectively.","@param array String[]: The input array of strings to be trimmed.
@return String[]: A new array with trimmed strings.","[""  hello "", "" world  ""] -> [""hello"", ""world""] (trims spaces)
[""foo"", ""bar""] -> [""foo"", ""bar""] (no spaces to trim)
null -> [] (handles null input)","Input array may contain null elements and will be safely handled, resulting in trimmed strings or nulls in the output.",CoderEval,6367676d1a6d9265ec018229,6367676d1a6d9265ec018229--6,Trim each element in the given string array and return the resulting array.,public static String[] trimArrayElements(String[] array){,"public static String[] trimArrayElements(String[] array){
    return null;
}",starcoder2-7b,1
6367676d1a6d9265ec018229,trimArrayElements,"public static String[] trimArrayElements(String[] array){
  if (Objects.isEmpty(array)) {
    return new String[0];
  }
  String[] result=new String[array.length];
  for (int i=0; i < array.length; i++) {
    String element=array[i];
    result[i]=(element != null ? element.trim() : null);
  }
  return result;
}
","/** 
 * Trim the elements of the given String array, calling <code>String.trim()</code> on each of them.
 * @param array the original String array
 * @return the resulting array (of the same size) with trimmed elements
 */
",Trim each element in the given string array and return the resulting array.,Trims whitespace from each element of an array.,"The function trims leading and trailing whitespace from each string in the input array. If the array or its elements are null, it returns an empty string or null respectively.","@param array String[]: The input array of strings to be trimmed.
@return String[]: A new array with trimmed strings.","[""  hello "", "" world  ""] -> [""hello"", ""world""] (trims spaces)
[""foo"", ""bar""] -> [""foo"", ""bar""] (no spaces to trim)
null -> [] (handles null input)","Input array may contain null elements and will be safely handled, resulting in trimmed strings or nulls in the output.",CoderEval,6367676d1a6d9265ec018229,6367676d1a6d9265ec018229--7,Trim each element in the given string array and return the resulting array.,public static String[] trimArrayElements(String[] array){,"public static String[] trimArrayElements(String[] array){
    if (array == null) {
        return null;
    }
    String[] trimmedArray = new String[array.length];
    for (int i = 0; i < array.length; i++) {
        trimmedArray[i] = (array[i] != null) ? array[i].trim() : null;
    }
    return trimmedArray;
}",gpt-4-turbo,1
6367676d1a6d9265ec018229,trimArrayElements,"public static String[] trimArrayElements(String[] array){
  if (Objects.isEmpty(array)) {
    return new String[0];
  }
  String[] result=new String[array.length];
  for (int i=0; i < array.length; i++) {
    String element=array[i];
    result[i]=(element != null ? element.trim() : null);
  }
  return result;
}
","/** 
 * Trim the elements of the given String array, calling <code>String.trim()</code> on each of them.
 * @param array the original String array
 * @return the resulting array (of the same size) with trimmed elements
 */
",Trim each element in the given string array and return the resulting array.,Trims whitespace from each element of an array.,"The function trims leading and trailing whitespace from each string in the input array. If the array or its elements are null, it returns an empty string or null respectively.","@param array String[]: The input array of strings to be trimmed.
@return String[]: A new array with trimmed strings.","[""  hello "", "" world  ""] -> [""hello"", ""world""] (trims spaces)
[""foo"", ""bar""] -> [""foo"", ""bar""] (no spaces to trim)
null -> [] (handles null input)","Input array may contain null elements and will be safely handled, resulting in trimmed strings or nulls in the output.",CoderEval,6367676d1a6d9265ec018229,6367676d1a6d9265ec018229--8,Trim each element in the given string array and return the resulting array.,public static String[] trimArrayElements(String[] array){,"public static String[] trimArrayElements(String[] array){
    if (array == null) {
        return null;
    }
    String[] trimmedArray = new String[array.length];
    for (int i = 0; i < array.length; i++) {
        trimmedArray[i] = array[i] != null ? array[i].trim() : null;
    }
    return trimmedArray;
}",gpt-4-turbo,1
6367676d1a6d9265ec018229,trimArrayElements,"public static String[] trimArrayElements(String[] array){
  if (Objects.isEmpty(array)) {
    return new String[0];
  }
  String[] result=new String[array.length];
  for (int i=0; i < array.length; i++) {
    String element=array[i];
    result[i]=(element != null ? element.trim() : null);
  }
  return result;
}
","/** 
 * Trim the elements of the given String array, calling <code>String.trim()</code> on each of them.
 * @param array the original String array
 * @return the resulting array (of the same size) with trimmed elements
 */
",Trim each element in the given string array and return the resulting array.,Trims whitespace from each element of an array.,"The function trims leading and trailing whitespace from each string in the input array. If the array or its elements are null, it returns an empty string or null respectively.","@param array String[]: The input array of strings to be trimmed.
@return String[]: A new array with trimmed strings.","[""  hello "", "" world  ""] -> [""hello"", ""world""] (trims spaces)
[""foo"", ""bar""] -> [""foo"", ""bar""] (no spaces to trim)
null -> [] (handles null input)","Input array may contain null elements and will be safely handled, resulting in trimmed strings or nulls in the output.",CoderEval,6367676d1a6d9265ec018229,6367676d1a6d9265ec018229--9,Trim each element in the given string array and return the resulting array.,public static String[] trimArrayElements(String[] array){,"public static String[] trimArrayElements(String[] array) {
    // Loop through the array
    for (int i = 0; i < array.length; i++) {
        // Trim each element in the array
        array[i] = array[i].trim();
    }
    // Return the trimmed array
    return array;
}",deepseek-coder-6.7b-instruct,1
6367676d1a6d9265ec018229,trimArrayElements,"public static String[] trimArrayElements(String[] array){
  if (Objects.isEmpty(array)) {
    return new String[0];
  }
  String[] result=new String[array.length];
  for (int i=0; i < array.length; i++) {
    String element=array[i];
    result[i]=(element != null ? element.trim() : null);
  }
  return result;
}
","/** 
 * Trim the elements of the given String array, calling <code>String.trim()</code> on each of them.
 * @param array the original String array
 * @return the resulting array (of the same size) with trimmed elements
 */
",Trim each element in the given string array and return the resulting array.,Trims whitespace from each element of an array.,"The function trims leading and trailing whitespace from each string in the input array. If the array or its elements are null, it returns an empty string or null respectively.","@param array String[]: The input array of strings to be trimmed.
@return String[]: A new array with trimmed strings.","[""  hello "", "" world  ""] -> [""hello"", ""world""] (trims spaces)
[""foo"", ""bar""] -> [""foo"", ""bar""] (no spaces to trim)
null -> [] (handles null input)","Input array may contain null elements and will be safely handled, resulting in trimmed strings or nulls in the output.",CoderEval,6367676d1a6d9265ec018229,6367676d1a6d9265ec018229--10,Trim each element in the given string array and return the resulting array.,public static String[] trimArrayElements(String[] array){,"public static String[] trimArrayElements(String[] array){
    if (array == null){
        return null;
    }
    String[] trimmedArray = new String[array.length];
    for (int i = 0; i < array.length; i++){
        trimmedArray[i] = array[i].trim();
    }
    return trimmedArray;
}",CodeLlama-7b-Instruct-hf,1
6367676d1a6d9265ec018229,trimArrayElements,"public static String[] trimArrayElements(String[] array){
  if (Objects.isEmpty(array)) {
    return new String[0];
  }
  String[] result=new String[array.length];
  for (int i=0; i < array.length; i++) {
    String element=array[i];
    result[i]=(element != null ? element.trim() : null);
  }
  return result;
}
","/** 
 * Trim the elements of the given String array, calling <code>String.trim()</code> on each of them.
 * @param array the original String array
 * @return the resulting array (of the same size) with trimmed elements
 */
",Trim each element in the given string array and return the resulting array.,Trims whitespace from each element of an array.,"The function trims leading and trailing whitespace from each string in the input array. If the array or its elements are null, it returns an empty string or null respectively.","@param array String[]: The input array of strings to be trimmed.
@return String[]: A new array with trimmed strings.","[""  hello "", "" world  ""] -> [""hello"", ""world""] (trims spaces)
[""foo"", ""bar""] -> [""foo"", ""bar""] (no spaces to trim)
null -> [] (handles null input)","Input array may contain null elements and will be safely handled, resulting in trimmed strings or nulls in the output.",CoderEval,6367676d1a6d9265ec018229,6367676d1a6d9265ec018229--11,Trim each element in the given string array and return the resulting array.,public static String[] trimArrayElements(String[] array){,"public static String[] trimArrayElements(String[] array){
   //Trim() function trim the given string from the spaces in the front and in the end of the string.
   for (String string: array) {
       string = string.trim();
   }
   return array;
}",CodeLlama-7b-Instruct-hf,1
6367676d1a6d9265ec018229,trimArrayElements,"public static String[] trimArrayElements(String[] array){
  if (Objects.isEmpty(array)) {
    return new String[0];
  }
  String[] result=new String[array.length];
  for (int i=0; i < array.length; i++) {
    String element=array[i];
    result[i]=(element != null ? element.trim() : null);
  }
  return result;
}
","/** 
 * Trim the elements of the given String array, calling <code>String.trim()</code> on each of them.
 * @param array the original String array
 * @return the resulting array (of the same size) with trimmed elements
 */
",Trim each element in the given string array and return the resulting array.,Trims whitespace from each element of an array.,"The function trims leading and trailing whitespace from each string in the input array. If the array or its elements are null, it returns an empty string or null respectively.","@param array String[]: The input array of strings to be trimmed.
@return String[]: A new array with trimmed strings.","[""  hello "", "" world  ""] -> [""hello"", ""world""] (trims spaces)
[""foo"", ""bar""] -> [""foo"", ""bar""] (no spaces to trim)
null -> [] (handles null input)","Input array may contain null elements and will be safely handled, resulting in trimmed strings or nulls in the output.",CoderEval,6367676d1a6d9265ec018229,6367676d1a6d9265ec018229--12,Trim each element in the given string array and return the resulting array.,public static String[] trimArrayElements(String[] array){,"public static String[] trimArrayElements(String[] array){
	// Requires: Non-null array
	// Effects: Returns a new array with every element in the array trimmed
	// Modifies: This method returns a new array rather than modifying the input
	// Note: There are two types of string elements to be trimmed:
	// - Trailing whitespace characters
	// - Leading and trailing whitespace characters
	// Solution: Use a for loop with a temporary String var to perform
	// element-by-element trimming, since String.trim does not allow us
	// to change the string itself.
	String[] trimmedElements = new String[array.length];
	for(int i = 0; i < array.length; i++)
		trimmedElements[i] = array[i].trim();
	return trimmedElements;
}",CodeLlama-7b-Instruct-hf,1
6367676d1a6d9265ec018229,trimArrayElements,"public static String[] trimArrayElements(String[] array){
  if (Objects.isEmpty(array)) {
    return new String[0];
  }
  String[] result=new String[array.length];
  for (int i=0; i < array.length; i++) {
    String element=array[i];
    result[i]=(element != null ? element.trim() : null);
  }
  return result;
}
","/** 
 * Trim the elements of the given String array, calling <code>String.trim()</code> on each of them.
 * @param array the original String array
 * @return the resulting array (of the same size) with trimmed elements
 */
",Trim each element in the given string array and return the resulting array.,Trims whitespace from each element of an array.,"The function trims leading and trailing whitespace from each string in the input array. If the array or its elements are null, it returns an empty string or null respectively.","@param array String[]: The input array of strings to be trimmed.
@return String[]: A new array with trimmed strings.","[""  hello "", "" world  ""] -> [""hello"", ""world""] (trims spaces)
[""foo"", ""bar""] -> [""foo"", ""bar""] (no spaces to trim)
null -> [] (handles null input)","Input array may contain null elements and will be safely handled, resulting in trimmed strings or nulls in the output.",CoderEval,6367676d1a6d9265ec018229,6367676d1a6d9265ec018229--13,Trim each element in the given string array and return the resulting array.,public static String[] trimArrayElements(String[] array){,"public static String[] trimArrayElements(String[] array){
    int arrayLength = array.length;
    String[] newArray = new String[arrayLength];
    for (int index = 0; index < arrayLength; index++) {
        newArray[index] = array[index].trim();
    }
    return newArray;
}",CodeLlama-7b-Instruct-hf,1
6367670b1a6d9265ec017a00,isSameLength,"public static boolean isSameLength(final byte[] array1,final byte[] array2){
  if (array1 == null && array2 != null && array2.length > 0 || array2 == null && array1 != null && array1.length > 0 || array1 != null && array2 != null && array1.length != array2.length) {
    return false;
  }
  return true;
}
","/** 
 * <p>Checks whether two arrays are the same length, treating <code>null</code> arrays as length <code>0</code>.</p>
 * @param array1 the first array, may be <code>null</code>
 * @param array2 the second array, may be <code>null</code>
 * @return <code>true</code> if length of arrays matches, treating<code>null</code> as an empty array
 */
",Check whether the length of the given two byte arrays is the same.,Checks if two byte arrays have the same length.,"Returns true if both arrays are null or have the same length; otherwise, returns false.","@param array1 byte[]: first byte array
@param array2 byte[]: second byte array
@return boolean: true if same length or both null, false otherwise","null, null -> true (both null)
null, new byte[]{1} -> false (one null, one not)
new byte[]{1,2}, new byte[]{3,4} -> true (same length)
new byte[]{1,2}, new byte[]{3} -> false (different lengths)","Arrays can be null, valid output respecting null and length conditions.",CoderEval,6367670b1a6d9265ec017a00,6367670b1a6d9265ec017a00--0,Check whether the length of the given two byte arrays is the same.,"public static boolean isSameLength(final byte[] array1,final byte[] array2){","public static boolean isSameLength(final byte[] array1, final byte[] array2) {
    return array1.length == array2.length;
}",Qwen2.5-Coder-7B-Instruct,1
6367670b1a6d9265ec017a00,isSameLength,"public static boolean isSameLength(final byte[] array1,final byte[] array2){
  if (array1 == null && array2 != null && array2.length > 0 || array2 == null && array1 != null && array1.length > 0 || array1 != null && array2 != null && array1.length != array2.length) {
    return false;
  }
  return true;
}
","/** 
 * <p>Checks whether two arrays are the same length, treating <code>null</code> arrays as length <code>0</code>.</p>
 * @param array1 the first array, may be <code>null</code>
 * @param array2 the second array, may be <code>null</code>
 * @return <code>true</code> if length of arrays matches, treating<code>null</code> as an empty array
 */
",Check whether the length of the given two byte arrays is the same.,Checks if two byte arrays have the same length.,"Returns true if both arrays are null or have the same length; otherwise, returns false.","@param array1 byte[]: first byte array
@param array2 byte[]: second byte array
@return boolean: true if same length or both null, false otherwise","null, null -> true (both null)
null, new byte[]{1} -> false (one null, one not)
new byte[]{1,2}, new byte[]{3,4} -> true (same length)
new byte[]{1,2}, new byte[]{3} -> false (different lengths)","Arrays can be null, valid output respecting null and length conditions.",CoderEval,6367670b1a6d9265ec017a00,6367670b1a6d9265ec017a00--1,Check whether the length of the given two byte arrays is the same.,"public static boolean isSameLength(final byte[] array1,final byte[] array2){","public static boolean isSameLength(final byte[] array1,final byte[] array2){
        if(array1.length!= array2.length) {
            return false;
        }
        return true;
    }",starcoder2-7b,1
6367670b1a6d9265ec017a00,isSameLength,"public static boolean isSameLength(final byte[] array1,final byte[] array2){
  if (array1 == null && array2 != null && array2.length > 0 || array2 == null && array1 != null && array1.length > 0 || array1 != null && array2 != null && array1.length != array2.length) {
    return false;
  }
  return true;
}
","/** 
 * <p>Checks whether two arrays are the same length, treating <code>null</code> arrays as length <code>0</code>.</p>
 * @param array1 the first array, may be <code>null</code>
 * @param array2 the second array, may be <code>null</code>
 * @return <code>true</code> if length of arrays matches, treating<code>null</code> as an empty array
 */
",Check whether the length of the given two byte arrays is the same.,Checks if two byte arrays have the same length.,"Returns true if both arrays are null or have the same length; otherwise, returns false.","@param array1 byte[]: first byte array
@param array2 byte[]: second byte array
@return boolean: true if same length or both null, false otherwise","null, null -> true (both null)
null, new byte[]{1} -> false (one null, one not)
new byte[]{1,2}, new byte[]{3,4} -> true (same length)
new byte[]{1,2}, new byte[]{3} -> false (different lengths)","Arrays can be null, valid output respecting null and length conditions.",CoderEval,6367670b1a6d9265ec017a00,6367670b1a6d9265ec017a00--2,Check whether the length of the given two byte arrays is the same.,"public static boolean isSameLength(final byte[] array1,final byte[] array2){","public static boolean isSameLength(final byte[] array1,final byte[] array2){
//Check whether the length of the given two byte arrays is the same.
if(array1==null&&array2==null){
//Check whether two byte arrays are null.
return true;
}
if(array1==null||array2==null){
//Check whether the two byte arrays are not null.
return false;
}
if(array1.length!=array2.length){
//Check whether the length of the given two byte arrays is the same.
return false;
}
return true;
}",starcoder2-7b,0
6367670b1a6d9265ec017a00,isSameLength,"public static boolean isSameLength(final byte[] array1,final byte[] array2){
  if (array1 == null && array2 != null && array2.length > 0 || array2 == null && array1 != null && array1.length > 0 || array1 != null && array2 != null && array1.length != array2.length) {
    return false;
  }
  return true;
}
","/** 
 * <p>Checks whether two arrays are the same length, treating <code>null</code> arrays as length <code>0</code>.</p>
 * @param array1 the first array, may be <code>null</code>
 * @param array2 the second array, may be <code>null</code>
 * @return <code>true</code> if length of arrays matches, treating<code>null</code> as an empty array
 */
",Check whether the length of the given two byte arrays is the same.,Checks if two byte arrays have the same length.,"Returns true if both arrays are null or have the same length; otherwise, returns false.","@param array1 byte[]: first byte array
@param array2 byte[]: second byte array
@return boolean: true if same length or both null, false otherwise","null, null -> true (both null)
null, new byte[]{1} -> false (one null, one not)
new byte[]{1,2}, new byte[]{3,4} -> true (same length)
new byte[]{1,2}, new byte[]{3} -> false (different lengths)","Arrays can be null, valid output respecting null and length conditions.",CoderEval,6367670b1a6d9265ec017a00,6367670b1a6d9265ec017a00--3,Check whether the length of the given two byte arrays is the same.,"public static boolean isSameLength(final byte[] array1,final byte[] array2){","public static boolean isSameLength(final byte[] array1,final byte[] array2){
    return(array1.length == array2.length);
}",starcoder2-7b,1
6367670b1a6d9265ec017a00,isSameLength,"public static boolean isSameLength(final byte[] array1,final byte[] array2){
  if (array1 == null && array2 != null && array2.length > 0 || array2 == null && array1 != null && array1.length > 0 || array1 != null && array2 != null && array1.length != array2.length) {
    return false;
  }
  return true;
}
","/** 
 * <p>Checks whether two arrays are the same length, treating <code>null</code> arrays as length <code>0</code>.</p>
 * @param array1 the first array, may be <code>null</code>
 * @param array2 the second array, may be <code>null</code>
 * @return <code>true</code> if length of arrays matches, treating<code>null</code> as an empty array
 */
",Check whether the length of the given two byte arrays is the same.,Checks if two byte arrays have the same length.,"Returns true if both arrays are null or have the same length; otherwise, returns false.","@param array1 byte[]: first byte array
@param array2 byte[]: second byte array
@return boolean: true if same length or both null, false otherwise","null, null -> true (both null)
null, new byte[]{1} -> false (one null, one not)
new byte[]{1,2}, new byte[]{3,4} -> true (same length)
new byte[]{1,2}, new byte[]{3} -> false (different lengths)","Arrays can be null, valid output respecting null and length conditions.",CoderEval,6367670b1a6d9265ec017a00,6367670b1a6d9265ec017a00--4,Check whether the length of the given two byte arrays is the same.,"public static boolean isSameLength(final byte[] array1,final byte[] array2){","public static boolean isSameLength(final byte[] array1, final byte[] array2) {
    if (array1 == null && array2 == null) {
        return true;
    } else if (array1 == null || array2 == null) {
        return (array1 == null ? 0 : array1.length) == (array2 == null ? 0 : array2.length);
    } else {
        return array1.length == array2.length;
    }
}",gpt-4-turbo,0
6367670b1a6d9265ec017a00,isSameLength,"public static boolean isSameLength(final byte[] array1,final byte[] array2){
  if (array1 == null && array2 != null && array2.length > 0 || array2 == null && array1 != null && array1.length > 0 || array1 != null && array2 != null && array1.length != array2.length) {
    return false;
  }
  return true;
}
","/** 
 * <p>Checks whether two arrays are the same length, treating <code>null</code> arrays as length <code>0</code>.</p>
 * @param array1 the first array, may be <code>null</code>
 * @param array2 the second array, may be <code>null</code>
 * @return <code>true</code> if length of arrays matches, treating<code>null</code> as an empty array
 */
",Check whether the length of the given two byte arrays is the same.,Checks if two byte arrays have the same length.,"Returns true if both arrays are null or have the same length; otherwise, returns false.","@param array1 byte[]: first byte array
@param array2 byte[]: second byte array
@return boolean: true if same length or both null, false otherwise","null, null -> true (both null)
null, new byte[]{1} -> false (one null, one not)
new byte[]{1,2}, new byte[]{3,4} -> true (same length)
new byte[]{1,2}, new byte[]{3} -> false (different lengths)","Arrays can be null, valid output respecting null and length conditions.",CoderEval,6367670b1a6d9265ec017a00,6367670b1a6d9265ec017a00--5,Check whether the length of the given two byte arrays is the same.,"public static boolean isSameLength(final byte[] array1,final byte[] array2){","public static boolean isSameLength(final byte[] array1, final byte[] array2) {
    if (array1 == null && array2 == null) {
        return true;
    }
    if (array1 == null || array2 == null) {
        return (array1 == null ? 0 : array1.length) == (array2 == null ? 0 : array2.length);
    }
    return array1.length == array2.length;
}",gpt-4-turbo,0
6367670b1a6d9265ec017a00,isSameLength,"public static boolean isSameLength(final byte[] array1,final byte[] array2){
  if (array1 == null && array2 != null && array2.length > 0 || array2 == null && array1 != null && array1.length > 0 || array1 != null && array2 != null && array1.length != array2.length) {
    return false;
  }
  return true;
}
","/** 
 * <p>Checks whether two arrays are the same length, treating <code>null</code> arrays as length <code>0</code>.</p>
 * @param array1 the first array, may be <code>null</code>
 * @param array2 the second array, may be <code>null</code>
 * @return <code>true</code> if length of arrays matches, treating<code>null</code> as an empty array
 */
",Check whether the length of the given two byte arrays is the same.,Checks if two byte arrays have the same length.,"Returns true if both arrays are null or have the same length; otherwise, returns false.","@param array1 byte[]: first byte array
@param array2 byte[]: second byte array
@return boolean: true if same length or both null, false otherwise","null, null -> true (both null)
null, new byte[]{1} -> false (one null, one not)
new byte[]{1,2}, new byte[]{3,4} -> true (same length)
new byte[]{1,2}, new byte[]{3} -> false (different lengths)","Arrays can be null, valid output respecting null and length conditions.",CoderEval,6367670b1a6d9265ec017a00,6367670b1a6d9265ec017a00--6,Check whether the length of the given two byte arrays is the same.,"public static boolean isSameLength(final byte[] array1,final byte[] array2){","public static boolean isSameLength(final byte[] array1,final byte[] array2){
        if (array1.length == array2.length){
            return true;
        }else{
            return false;
        }
    }",CodeLlama-7b-Instruct-hf,1
6367670b1a6d9265ec017a00,isSameLength,"public static boolean isSameLength(final byte[] array1,final byte[] array2){
  if (array1 == null && array2 != null && array2.length > 0 || array2 == null && array1 != null && array1.length > 0 || array1 != null && array2 != null && array1.length != array2.length) {
    return false;
  }
  return true;
}
","/** 
 * <p>Checks whether two arrays are the same length, treating <code>null</code> arrays as length <code>0</code>.</p>
 * @param array1 the first array, may be <code>null</code>
 * @param array2 the second array, may be <code>null</code>
 * @return <code>true</code> if length of arrays matches, treating<code>null</code> as an empty array
 */
",Check whether the length of the given two byte arrays is the same.,Checks if two byte arrays have the same length.,"Returns true if both arrays are null or have the same length; otherwise, returns false.","@param array1 byte[]: first byte array
@param array2 byte[]: second byte array
@return boolean: true if same length or both null, false otherwise","null, null -> true (both null)
null, new byte[]{1} -> false (one null, one not)
new byte[]{1,2}, new byte[]{3,4} -> true (same length)
new byte[]{1,2}, new byte[]{3} -> false (different lengths)","Arrays can be null, valid output respecting null and length conditions.",CoderEval,6367670b1a6d9265ec017a00,6367670b1a6d9265ec017a00--7,Check whether the length of the given two byte arrays is the same.,"public static boolean isSameLength(final byte[] array1,final byte[] array2){","public static boolean isSameLength(final byte[] array1,final byte[] array2){
if(array1.length == array2.length)
return true;
else
return false;
}",CodeLlama-7b-Instruct-hf,1
6367670b1a6d9265ec017a00,isSameLength,"public static boolean isSameLength(final byte[] array1,final byte[] array2){
  if (array1 == null && array2 != null && array2.length > 0 || array2 == null && array1 != null && array1.length > 0 || array1 != null && array2 != null && array1.length != array2.length) {
    return false;
  }
  return true;
}
","/** 
 * <p>Checks whether two arrays are the same length, treating <code>null</code> arrays as length <code>0</code>.</p>
 * @param array1 the first array, may be <code>null</code>
 * @param array2 the second array, may be <code>null</code>
 * @return <code>true</code> if length of arrays matches, treating<code>null</code> as an empty array
 */
",Check whether the length of the given two byte arrays is the same.,Checks if two byte arrays have the same length.,"Returns true if both arrays are null or have the same length; otherwise, returns false.","@param array1 byte[]: first byte array
@param array2 byte[]: second byte array
@return boolean: true if same length or both null, false otherwise","null, null -> true (both null)
null, new byte[]{1} -> false (one null, one not)
new byte[]{1,2}, new byte[]{3,4} -> true (same length)
new byte[]{1,2}, new byte[]{3} -> false (different lengths)","Arrays can be null, valid output respecting null and length conditions.",CoderEval,6367670b1a6d9265ec017a00,6367670b1a6d9265ec017a00--8,Check whether the length of the given two byte arrays is the same.,"public static boolean isSameLength(final byte[] array1,final byte[] array2){","public static boolean isSameLength(final byte[] array1,final byte[] array2){
//Write your code here
return array1.length==array2.length;
}",CodeLlama-7b-Instruct-hf,1
636766a91a6d9265ec0175c2,pop,"private int pop(){
  if (outputStackTop > 0) {
    return outputStack[--outputStackTop];
  }
 else {
    return STACK_KIND | -(--outputStackStart);
  }
}
","/** 
 * Pops an abstract type from the output frame stack and returns its value.
 * @return the abstract type that has been popped from the output frame stack.
 */
",Pop an abstract type from the output frame stack and return its value.,Returns the top element of the stack or a special code.,"Removes and returns the top element from `outputStack` if there is one, otherwise returns a special code computed with `STACK_KIND` and `outputStackStart`.",@return int: The top element of `outputStack` or a special code.,"(outputStackTop=2, outputStack={5,3})
-> 3 (normal pop)
(outputStackTop=0, outputStackStart=1)
-> STACK_KIND-0 (special case return)",The stack must have non-negative indices; returns stack element or computed special code.,CoderEval,636766a91a6d9265ec0175c2,636766a91a6d9265ec0175c2--0,Pop an abstract type from the output frame stack and return its value.,private int pop(){,"private Object pop() {
    if (outputFrameStack.isEmpty()) {
        throw new EmptyStackException();
    }
    AbstractType top = outputFrameStack.pop();
    return top.getValue();
}",Qwen2.5-Coder-7B-Instruct,1
636766a91a6d9265ec0175c2,pop,"private int pop(){
  if (outputStackTop > 0) {
    return outputStack[--outputStackTop];
  }
 else {
    return STACK_KIND | -(--outputStackStart);
  }
}
","/** 
 * Pops an abstract type from the output frame stack and returns its value.
 * @return the abstract type that has been popped from the output frame stack.
 */
",Pop an abstract type from the output frame stack and return its value.,Returns the top element of the stack or a special code.,"Removes and returns the top element from `outputStack` if there is one, otherwise returns a special code computed with `STACK_KIND` and `outputStackStart`.",@return int: The top element of `outputStack` or a special code.,"(outputStackTop=2, outputStack={5,3})
-> 3 (normal pop)
(outputStackTop=0, outputStackStart=1)
-> STACK_KIND-0 (special case return)",The stack must have non-negative indices; returns stack element or computed special code.,CoderEval,636766a91a6d9265ec0175c2,636766a91a6d9265ec0175c2--1,Pop an abstract type from the output frame stack and return its value.,private int pop(){,"public int pop() {
    // Assuming outputFrameStack is a Stack of AbstractType
    if (!outputFrameStack.isEmpty()) {
        AbstractType abstractType = outputFrameStack.pop();
        return abstractType.getValue(); // Assuming getValue() is a method in AbstractType that returns an integer
    } else {
        throw new EmptyStackException(); // Handle the case when the stack is empty
    }
}",Qwen2.5-Coder-7B-Instruct,1
636766a91a6d9265ec0175c2,pop,"private int pop(){
  if (outputStackTop > 0) {
    return outputStack[--outputStackTop];
  }
 else {
    return STACK_KIND | -(--outputStackStart);
  }
}
","/** 
 * Pops an abstract type from the output frame stack and returns its value.
 * @return the abstract type that has been popped from the output frame stack.
 */
",Pop an abstract type from the output frame stack and return its value.,Returns the top element of the stack or a special code.,"Removes and returns the top element from `outputStack` if there is one, otherwise returns a special code computed with `STACK_KIND` and `outputStackStart`.",@return int: The top element of `outputStack` or a special code.,"(outputStackTop=2, outputStack={5,3})
-> 3 (normal pop)
(outputStackTop=0, outputStackStart=1)
-> STACK_KIND-0 (special case return)",The stack must have non-negative indices; returns stack element or computed special code.,CoderEval,636766a91a6d9265ec0175c2,636766a91a6d9265ec0175c2--2,Pop an abstract type from the output frame stack and return its value.,private int pop(){,"public int pop() {
    // Assuming the output frame stack is implemented as a List or Stack
    // Replace 'outputFrameStack' with the actual variable name used in your codebase
    if (!outputFrameStack.isEmpty()) {
        AbstractType abstractType = (AbstractType) outputFrameStack.pop();
        return abstractType.getValue();
    } else {
        throw new EmptyStackException(""Output frame stack is empty"");
    }
}",Qwen2.5-Coder-7B-Instruct,1
636766a91a6d9265ec0175c2,pop,"private int pop(){
  if (outputStackTop > 0) {
    return outputStack[--outputStackTop];
  }
 else {
    return STACK_KIND | -(--outputStackStart);
  }
}
","/** 
 * Pops an abstract type from the output frame stack and returns its value.
 * @return the abstract type that has been popped from the output frame stack.
 */
",Pop an abstract type from the output frame stack and return its value.,Returns the top element of the stack or a special code.,"Removes and returns the top element from `outputStack` if there is one, otherwise returns a special code computed with `STACK_KIND` and `outputStackStart`.",@return int: The top element of `outputStack` or a special code.,"(outputStackTop=2, outputStack={5,3})
-> 3 (normal pop)
(outputStackTop=0, outputStackStart=1)
-> STACK_KIND-0 (special case return)",The stack must have non-negative indices; returns stack element or computed special code.,CoderEval,636766a91a6d9265ec0175c2,636766a91a6d9265ec0175c2--3,Pop an abstract type from the output frame stack and return its value.,private int pop(){,"public int pop() {
    // Assuming the output frame stack is named outputFrameStack and it's a Stack of abstract types
    if (!outputFrameStack.isEmpty()) {
        AbstractType abstractType = (AbstractType) outputFrameStack.pop();
        // Convert the abstract type to its integer value and return
        return abstractType.intValue();
    } else {
        throw new EmptyStackException(); // Handle the case when the stack is empty
    }
}",Qwen2.5-Coder-7B-Instruct,1
636766a91a6d9265ec0175c2,pop,"private int pop(){
  if (outputStackTop > 0) {
    return outputStack[--outputStackTop];
  }
 else {
    return STACK_KIND | -(--outputStackStart);
  }
}
","/** 
 * Pops an abstract type from the output frame stack and returns its value.
 * @return the abstract type that has been popped from the output frame stack.
 */
",Pop an abstract type from the output frame stack and return its value.,Returns the top element of the stack or a special code.,"Removes and returns the top element from `outputStack` if there is one, otherwise returns a special code computed with `STACK_KIND` and `outputStackStart`.",@return int: The top element of `outputStack` or a special code.,"(outputStackTop=2, outputStack={5,3})
-> 3 (normal pop)
(outputStackTop=0, outputStackStart=1)
-> STACK_KIND-0 (special case return)",The stack must have non-negative indices; returns stack element or computed special code.,CoderEval,636766a91a6d9265ec0175c2,636766a91a6d9265ec0175c2--4,Pop an abstract type from the output frame stack and return its value.,private int pop(){,"private int pop() {
    if (outputFrameStack.isEmpty()) {
        throw new EmptyStackException();
    }
    AbstractType abstractType = outputFrameStack.pop();
    return abstractType.getValue();
}",Qwen2.5-Coder-7B-Instruct,1
636766a91a6d9265ec0175c2,pop,"private int pop(){
  if (outputStackTop > 0) {
    return outputStack[--outputStackTop];
  }
 else {
    return STACK_KIND | -(--outputStackStart);
  }
}
","/** 
 * Pops an abstract type from the output frame stack and returns its value.
 * @return the abstract type that has been popped from the output frame stack.
 */
",Pop an abstract type from the output frame stack and return its value.,Returns the top element of the stack or a special code.,"Removes and returns the top element from `outputStack` if there is one, otherwise returns a special code computed with `STACK_KIND` and `outputStackStart`.",@return int: The top element of `outputStack` or a special code.,"(outputStackTop=2, outputStack={5,3})
-> 3 (normal pop)
(outputStackTop=0, outputStackStart=1)
-> STACK_KIND-0 (special case return)",The stack must have non-negative indices; returns stack element or computed special code.,CoderEval,636766a91a6d9265ec0175c2,636766a91a6d9265ec0175c2--5,Pop an abstract type from the output frame stack and return its value.,private int pop(){,"public <T> T pop() {
    if (outputFrameStack.isEmpty()) {
        throw new EmptyStackException();
    }
    
    AbstractType<T> top = outputFrameStack.pop();
    return top.getValue();
}",Qwen2.5-Coder-7B-Instruct,1
636766a91a6d9265ec0175c2,pop,"private int pop(){
  if (outputStackTop > 0) {
    return outputStack[--outputStackTop];
  }
 else {
    return STACK_KIND | -(--outputStackStart);
  }
}
","/** 
 * Pops an abstract type from the output frame stack and returns its value.
 * @return the abstract type that has been popped from the output frame stack.
 */
",Pop an abstract type from the output frame stack and return its value.,Returns the top element of the stack or a special code.,"Removes and returns the top element from `outputStack` if there is one, otherwise returns a special code computed with `STACK_KIND` and `outputStackStart`.",@return int: The top element of `outputStack` or a special code.,"(outputStackTop=2, outputStack={5,3})
-> 3 (normal pop)
(outputStackTop=0, outputStackStart=1)
-> STACK_KIND-0 (special case return)",The stack must have non-negative indices; returns stack element or computed special code.,CoderEval,636766a91a6d9265ec0175c2,636766a91a6d9265ec0175c2--6,Pop an abstract type from the output frame stack and return its value.,private int pop(){,"private int pop() {
    // Check if the stack is empty
    if (frameStack.isEmpty()) {
        throw new EmptyStackException();
    }
    // Pop the top element and return its value
    return frameStack.pop().getValue();
}",Phi-3-mini-4k-instruct,1
